Rank	Site	Category	Unique Visitors (users)	Reach	Page Views	Has Advertising
1	facebook.com	Social Networks	880,000,000	47.2%	910,000,000,000	Yes
2	youtube.com	Online Video	800,000,000	42.7%	100,000,000,000	Yes
3	yahoo.com	Web Portals	660,000,000	35.3%	77,000,000,000	Yes
4	live.com	Search Engines	550,000,000	29.3%	36,000,000,000	Yes
5	wikipedia.org	Dictionaries & Encyclopedias	490,000,000	26.2%	7,000,000,000	No
6	msn.com	Web Portals	450,000,000	24%	15,000,000,000	Yes
7	blogspot.com	Blogging Resources & Services	410,000,000	21.9%	5,400,000,000	Yes
8	baidu.com	Search Engines	340,000,000	18%	110,000,000,000	Yes
9	bing.com	Search Engines	340,000,000	18.3%	11,000,000,000	Yes
10	microsoft.com	Software	340,000,000	18.3%	2,700,000,000	Yes
11	qq.com	Web Portals	280,000,000	15%	44,000,000,000	Yes
12	ask.com	Search Engines	210,000,000	11.2%	2,000,000,000	Yes
13	taobao.com	Classifieds	190,000,000	10.3%	30,000,000,000	Yes
14	adobe.com	Multimedia Software	170,000,000	9.2%	1,000,000,000	No
15	wordpress.com	Blogging Resources & Services	170,000,000	9.2%	1,000,000,000	Yes
16	twitter.com	Email & Messaging	160,000,000	8.4%	6,000,000,000	Yes
17	youku.com	Online Video	160,000,000	8.4%	3,600,000,000	Yes
18	soso.com	Search Engines	160,000,000	8.4%	3,600,000,000	No
19	sohu.com	Web Portals	140,000,000	7.6%	5,900,000,000	Yes
20	163.com	Web Portals	140,000,000	7.7%	6,500,000,000	Yes
21	windows.com	Windows OS	130,000,000	7%	540,000,000	Yes
22	hao123.com	Web Portals	120,000,000	6.3%	7,200,000,000	Yes
23	tudou.com	Online Video	120,000,000	6.3%	2,700,000,000	Yes
24	amazon.com	Shopping	120,000,000	6.3%	4,400,000,000	Yes
25	apple.com	Mac OS	110,000,000	5.8%	1,100,000,000	Yes
26	ebay.com	Auctions	110,000,000	5.8%	10,000,000,000	Yes
27	sogou.com	Search Engines	89,000,000	4.8%	2,300,000,000	Yes
28	mozilla.com	Internet Clients & Browsers	87,000,000	4.7%	590,000,000	No
29	yahoo.co.jp	Web Portals	87,000,000	4.7%	30,000,000,000	Yes
30	paypal.com	Merchant Services & Payment Systems	82,000,000	4.4%	1,700,000,000	Yes
31	tmall.com	Apparel	81,000,000	4.3%	2,100,000,000	Yes
32	go.com	Web Portals	81,000,000	4.4%	3,300,000,000	Yes
33	about.com	How-To&sbquo; DIY & Expert Content	81,000,000	4.3%	600,000,000	Yes
34	flickr.com	Photo & Image Sharing	81,000,000	4.3%	1,700,000,000	Yes
35	56.com	Online Media	80,000,000	4.3%	1,100,000,000	Yes
36	4399.com	Online Games	80,000,000	4.3%	4,800,000,000	Yes
37	linkedin.com	Social Networks	74,000,000	4%	2,300,000,000	Yes
38	xunlei.com	File Sharing & Hosting	74,000,000	4%	2,000,000,000	Yes
39	dailymotion.com	Online Media	73,000,000	3.9%	810,000,000	Yes
40	aol.com	Web Portals	72,000,000	3.9%	5,300,000,000	Yes
41	orkut.com	Social Networks	72,000,000	3.9%	4,400,000,000	Yes
42	ku6.com	Online Media	68,000,000	3.6%	540,000,000	Yes
43	bbc.co.uk	World News	67,000,000	3.6%	2,700,000,000	Yes
44	pps.tv	Online Video	67,000,000	3.6%	540,000,000	Yes
45	orkut.com.br	Social Networks	67,000,000	3.6%	53,000,000,000	No
46	cnet.com	Consumer Electronics	67,000,000	3.6%	450,000,000	Yes
47	craigslist.org	Classifieds	66,000,000	3.5%	24,000,000,000	No
48	ehow.com	How-To&sbquo; DIY & Expert Content	61,000,000	3.3%	280,000,000	Yes
49	weather.com	Weather	61,000,000	3.2%	1,200,000,000	Yes
50	4shared.com	File Sharing & Hosting	60,000,000	3.2%	2,500,000,000	Yes
51	imdb.com	Movie Reference	60,000,000	3.2%	1,200,000,000	Yes
52	myspace.com		60,000,000	3.2%	1,500,000,000	Yes
53	answers.com	General Reference	60,000,000	3.2%	250,000,000	Yes
54	fc2.com	Web Services	59,000,000	3.2%	3,300,000,000	Yes
55	mywebsearch.com	Search Engines	56,000,000	3%	1,200,000,000	Yes
56	mail.ru	Email & Messaging	55,000,000	2.9%	19,000,000,000	Yes
57	7k7k.com	Casual Games	55,000,000	3%	4,000,000,000	Yes
58	uol.com.br	Web Portals	55,000,000	3%	5,400,000,000	Yes
59	gocsgo.com		55,000,000	2.9%	180,000,000	No
60	alibaba.com	Import & Export	54,000,000	2.9%	1,100,000,000	Yes
61	skype.com	Voice & Video Chat	54,000,000	2.9%	490,000,000	Yes
62	badoo.com	Dating & Personals	51,000,000	2.7%	5,900,000,000	Yes
63	scribd.com	Social Networks	51,000,000	2.7%	160,000,000	Yes
64	cnn.com	Broadcast & Network News	50,000,000	2.7%	1,300,000,000	Yes
65	soku.com	Online Video	50,000,000	2.7%	780,000,000	Yes
66	babylon.com	Translation Tools & Resources	50,000,000	2.7%	790,000,000	Yes
67	yandex.ru	Search Engines	46,000,000	2.5%	14,000,000,000	Yes
68	2345.com	Web Portals	45,000,000	2.4%	2,100,000,000	Yes
69	renren.com	Social Networks	45,000,000	2.4%	3,300,000,000	Yes
70	megaupload.com	File Sharing & Hosting	45,000,000	2.4%	490,000,000	Yes
71	alot.com	Web Apps & Online Tools	45,000,000	2.4%	490,000,000	Yes
72	hp.com	Computer Hardware	45,000,000	2.4%	660,000,000	Yes
73	rakuten.co.jp	Shopping Portals & Search Engines	45,000,000	2.4%	4,000,000,000	Yes
74	goo.ne.jp	Web Portals	45,000,000	2.4%	870,000,000	Yes
75	netflix.com	DVD & Video Rentals	45,000,000	2.4%	2,500,000,000	Yes
76	softonic.com	Software	45,000,000	2.4%	370,000,000	Yes
77	blogger.com	Blogging Resources & Services	42,000,000	2.2%	1,100,000,000	No
78	360.cn	Antivirus & Malware	42,000,000	2.2%	800,000,000	No
79	alipay.com	Merchant Services & Payment Systems	42,000,000	2.3%	2,000,000,000	Yes
80	globo.com	Web Portals	41,000,000	2.2%	3,000,000,000	Yes
81	photobucket.com	Photo & Video Sharing	41,000,000	2.2%	600,000,000	Yes
82	bankofamerica.com	Banking	41,000,000	2.2%	2,500,000,000	Yes
83	discoverbing.com	Search Engines	41,000,000	2.2%	170,000,000	Yes
84	mediafire.com	File Sharing & Hosting	41,000,000	2.2%	370,000,000	Yes
85	partypoker.com		41,000,000	2.2%	130,000,000	Yes
86	camzap.com	Webcams & Virtual Tours	41,000,000	2.2%	140,000,000	No
87	ameblo.jp	Blogging Resources & Services	41,000,000	2.2%	1,700,000,000	Yes
88	odnoklassniki.ru	Social Networks	38,000,000	2%	14,000,000,000	Yes
89	terra.com.br	News	38,000,000	2%	1,700,000,000	Yes
90	naver.com	Search Engines	38,000,000	2%	23,000,000,000	Yes
91	zynga.com	Casual Games	38,000,000	2%	780,000,000	Yes
92	amazon.co.jp	Entertainment Media	38,000,000	2%	1,300,000,000	No
93	vkontakte.ru	Social Networks	38,000,000	2%	92,000,000,000	No
94	imageshack.us		38,000,000	2%	210,000,000	Yes
95	youdao.com	Blogging Resources & Services	38,000,000	2%	280,000,000	Yes
96	pconline.com.cn	Local News	38,000,000	2%	450,000,000	Yes
97	58.com	Classifieds	37,000,000	2%	960,000,000	Yes
98	chase.com	Banking	37,000,000	2%	2,500,000,000	Yes
99	mapquest.com	Maps	37,000,000	2%	210,000,000	Yes
100	xinhuanet.com	News	37,000,000	2%	870,000,000	Yes
101	joy.cn	Online Video	37,000,000	2%	280,000,000	Yes
102	metacafe.com	Video Sharing	37,000,000	2%	370,000,000	Yes
103	tumblr.com	Online Journals & Personal Sites	37,000,000	2%	1,600,000,000	Yes
104	cntv.cn	TV Networks & Stations	37,000,000	2%	540,000,000	Yes
105	hotmail.com	Email & Messaging	37,000,000	2%	210,000,000	Yes
106	walmart.com	Mass Merchants & Department Stores	35,000,000	1.9%	790,000,000	Yes
107	livedoor.jp	Web Portals	35,000,000	1.9%	590,000,000	Yes
108	tianya.cn	Online Communities	34,000,000	1.8%	440,000,000	Yes
109	booking.com	Hotels & Accommodations	34,000,000	1.8%	590,000,000	No
110	ebay.de	Auctions	34,000,000	1.8%	6,400,000,000	Yes
111	zedo.com	Advertising & Marketing	34,000,000	1.8%	150,000,000	Yes
112	paipai.com	Apparel	34,000,000	1.8%	720,000,000	No
113	miniclip.com	Online Games	34,000,000	1.8%	650,000,000	Yes
114	rapidshare.com	File Sharing & Hosting	34,000,000	1.8%	370,000,000	Yes
115	daum.net	Web Portals	34,000,000	1.8%	6,500,000,000	Yes
116	nytimes.com	Newspapers	31,000,000	1.7%	540,000,000	Yes
117	zol.com.cn	Computer Hardware	31,000,000	1.6%	590,000,000	Yes
118	gougou.com	Search Engines	31,000,000	1.7%	650,000,000	Yes
119	megavideo.com	Online Video	31,000,000	1.7%	270,000,000	Yes
120	nih.gov	Health	31,000,000	1.7%	330,000,000	Yes
121	ebay.co.uk	Auctions	31,000,000	1.7%	5,900,000,000	Yes
122	wikimedia.org	Dictionaries & Encyclopedias	31,000,000	1.7%	120,000,000	No
123	taringa.net	Social Networks	31,000,000	1.6%	530,000,000	Yes
124	avg.com	Antivirus & Malware	31,000,000	1.7%	230,000,000	No
125	hudong.com	Celebrities & Entertainment News	31,000,000	1.6%	170,000,000	Yes
126	96pk.com	Shopping	31,000,000	1.7%	110,000,000	No
127	thefreedictionary.com	Dictionaries & Encyclopedias	31,000,000	1.7%	110,000,000	Yes
128	seesaa.net	Blogging Resources & Services	31,000,000	1.7%	230,000,000	Yes
129	target.com	Mass Merchants & Department Stores	31,000,000	1.7%	540,000,000	Yes
130	hi5.com	Social Networks	31,000,000	1.7%	4,400,000,000	Yes
131	tripadvisor.com	Travel	29,000,000	1.5%	340,000,000	Yes
132	mcafee.com	Antivirus & Malware	28,000,000	1.5%	160,000,000	Yes
133	reference.com	Dictionaries & Encyclopedias	28,000,000	1.5%	250,000,000	Yes
134	dell.com	Computer Hardware	28,000,000	1.5%	410,000,000	Yes
135	att.com	Phone Service Providers	28,000,000	1.5%	880,000,000	Yes
136	bigpoint.com	Online Games	28,000,000	1.5%	1,200,000,000	Yes
137	foxsports.com	Sports News	28,000,000	1.5%	660,000,000	Yes
138	51wan.com	Fantasy Sports	28,000,000	1.5%	90,000,000	Yes
139	10086.cn	Web Apps & Online Tools	28,000,000	1.5%	650,000,000	Yes
140	huffingtonpost.com	News	28,000,000	1.5%	490,000,000	Yes
141	ganji.com	Shopping Portals & Search Engines	28,000,000	1.5%	960,000,000	Yes
142	amazon.de	Entertainment Media	28,000,000	1.5%	1,200,000,000	No
143	nifty.com	Web Portals	28,000,000	1.5%	800,000,000	Yes
144	comcast.net	Web Portals	28,000,000	1.5%	4,100,000,000	Yes
145	pomoho.com	Online Video	28,000,000	1.5%	190,000,000	Yes
146	amazon.co.uk	Shopping Portals & Search Engines	28,000,000	1.5%	1,000,000,000	No
147	kaixin001.com	Social Networks	28,000,000	1.5%	1,400,000,000	No
148	imesh.com	Music Streams & Downloads	28,000,000	1.5%	210,000,000	Yes
149	wellsfargo.com	Banking	26,000,000	1.4%	1,500,000,000	Yes
150	free.fr	ISPs	26,000,000	1.4%	870,000,000	Yes
151	m18.com	Fashion & Style	26,000,000	1.4%	330,000,000	No
152	people.com.cn	News	26,000,000	1.4%	330,000,000	Yes
153	ikea.com	Home Furnishings	26,000,000	1.4%	790,000,000	No
154	narod.ru	Web Hosting & Domain Registration	26,000,000	1.4%	280,000,000	Yes
155	sparkstudios.com	Marketing Services	26,000,000	1.4%	89,000,000	No
156	dailymail.co.uk	Newspapers	26,000,000	1.4%	370,000,000	Yes
157	brothersoft.com	Freeware & Shareware	26,000,000	1.4%	130,000,000	Yes
158	weibo.com	Online Video	26,000,000	1.4%	670,000,000	Yes
159	sourceforge.net	Open Source	26,000,000	1.4%	130,000,000	Yes
160	slideshare.net	Business Plans & Presentations	26,000,000	1.4%	80,000,000	Yes
161	groupon.com	Coupons & Discount Offers	26,000,000	1.4%	190,000,000	Yes
162	iegallery.com		26,000,000	1.4%	55,000,000	No
163	iminent.com	Clip Art & Animated GIFs	25,000,000	1.4%	1,100,000,000	Yes
164	kugou.com	Movies	25,000,000	1.4%	110,000,000	Yes
165	thepiratebay.org	File Sharing & Hosting	24,000,000	1.3%	640,000,000	Yes
166	pptv.com	TV Networks & Stations	24,000,000	1.3%	300,000,000	Yes
167	verizonwireless.com	Phone Service Providers	24,000,000	1.3%	730,000,000	Yes
168	hatena.ne.jp	Blogging Resources & Services	24,000,000	1.3%	160,000,000	Yes
169	americanexpress.com	Credit Cards	24,000,000	1.3%	410,000,000	Yes
170	3366.com	Arts & Entertainment	23,000,000	1.2%	890,000,000	No
171	9223.com	Directories & Listings	23,000,000	1.3%	870,000,000	Yes
172	126.com	Web Portals	23,000,000	1.2%	960,000,000	Yes
173	expedia.com	Travel	23,000,000	1.2%	540,000,000	Yes
174	wowan365.com	Computer & Video Games	23,000,000	1.3%	54,000,000	No
175	wikia.com	Online Communities	23,000,000	1.3%	410,000,000	Yes
176	yytou.cn		23,000,000	1.2%	66,000,000	No
177	fileserve.com	File Sharing & Hosting	23,000,000	1.3%	210,000,000	No
178	peeplo.com	Search Engines	23,000,000	1.3%	88,000,000	Yes
179	autohome.com.cn	Vehicle Shopping	23,000,000	1.2%	1,700,000,000	Yes
180	hotfile.com	File Sharing & Hosting	23,000,000	1.3%	170,000,000	Yes
181	tripod.com	Web Design & Development	23,000,000	1.2%	87,000,000	Yes
182	netlog.com	Social Networks	23,000,000	1.2%	1,300,000,000	Yes
183	726.com	Web Portals	23,000,000	1.3%	720,000,000	Yes
184	inbox.com	Email & Messaging	23,000,000	1.2%	210,000,000	Yes
185	kuwo.cn	Celebrities & Entertainment News	23,000,000	1.3%	270,000,000	Yes
186	livejournal.com	Blogging Resources & Services	23,000,000	1.2%	650,000,000	Yes
187	cncmax.cn	Web Portals	23,000,000	1.2%	110,000,000	Yes
188	comcast.com	Service Providers	22,000,000	1.2%	170,000,000	Yes
189	39.net	Health	22,000,000	1.2%	370,000,000	Yes
190	baixaki.com.br	Internet & Telecom	21,000,000	1.1%	370,000,000	Yes
191	douban.com	Social Networks	21,000,000	1.1%	370,000,000	Yes
192	match.com	Dating & Personals	21,000,000	1.1%	1,300,000,000	Yes
193	soufun.com	Real Estate	21,000,000	1.2%	480,000,000	Yes
194	china.com	Web Portals	21,000,000	1.1%	1,100,000,000	Yes
195	vancl.com	Apparel	21,000,000	1.1%	370,000,000	No
196	orange.fr	Web Portals	21,000,000	1.1%	5,900,000,000	Yes
197	haohaowan.com	Cartoons	21,000,000	1.1%	60,000,000	Yes
198	windowslivehelp.com	Email & Messaging	21,000,000	1.1%	120,000,000	No
199	maktoob.com	Web Portals	21,000,000	1.1%	410,000,000	Yes
200	biglobe.ne.jp	Web Portals	21,000,000	1.1%	540,000,000	Yes
201	letv.com	Online Media	21,000,000	1.1%	210,000,000	Yes
202	foxnews.com	Broadcast & Network News	21,000,000	1.1%	650,000,000	Yes
203	glispa.com	Search Engine Optimization & Marketing	21,000,000	1.2%	42,000,000	No
204	vimeo.com		21,000,000	1.1%	120,000,000	Yes
205	mozilla.org	Internet Clients & Browsers	21,000,000	1.1%	130,000,000	No
206	irs.gov	Accounting & Auditing	21,000,000	1.1%	400,000,000	No
207	jiayuan.com	Dating & Personals	21,000,000	1.1%	870,000,000	Yes
208	mercadolivre.com.br	Auctions	21,000,000	1.1%	790,000,000	Yes
209	yelp.com	Directories & Listings	21,000,000	1.1%	190,000,000	Yes
210	geocities.jp	Web Hosting & Domain Registration	21,000,000	1.1%	210,000,000	Yes
211	ig.com.br	Web Portals	21,000,000	1.1%	1,200,000,000	Yes
212	livingsocial.com	Coupons & Discount Offers	21,000,000	1.1%	130,000,000	Yes
213	musica.com	Music & Audio	21,000,000	1.1%	310,000,000	Yes
214	samsung.com	Consumer Electronics	21,000,000	1.1%	170,000,000	Yes
215	y8.com	Flash-Based Entertainment	21,000,000	1.1%	1,400,000,000	Yes
216	eastmoney.com	Investing	21,000,000	1.1%	940,000,000	Yes
217	pandora.com	Radio	21,000,000	1.2%	1,500,000,000	Yes
218	rambler.ru	Web Portals	20,000,000	1%	2,300,000,000	Yes
219	depositfiles.com	File Sharing & Hosting	20,000,000	1%	170,000,000	Yes
220	360buy.com	E-Commerce Services	20,000,000	1%	440,000,000	Yes
221	uuzu.com	Computer & Video Games	19,000,000	1%	50,000,000	No
222	indeed.com	Jobs	19,000,000	1%	550,000,000	Yes
223	ups.com	Mail & Package Delivery	19,000,000	1%	280,000,000	Yes
224	facemoods.com	Social Network Apps & Add-Ons	19,000,000	1%	250,000,000	Yes
225	mlb.com	Baseball	19,000,000	1%	450,000,000	Yes
226	java.com	Java	19,000,000	1%	97,000,000	No
227	xdwan.cn		19,000,000	1%	38,000,000	Yes
228	commentcamarche.net	Technology News	19,000,000	1%	170,000,000	Yes
229	t-online.de	Web Portals	19,000,000	1%	960,000,000	Yes
230	bestbuy.com	Consumer Electronics	19,000,000	1%	370,000,000	Yes
231	nate.com	Web Portals	19,000,000	1%	3,000,000,000	Yes
232	yellowpages.com	Business & Personal Listings	19,000,000	1%	140,000,000	Yes
233	6.cn	Online Video	19,000,000	1%	110,000,000	Yes
234	reuters.com	News	19,000,000	1%	210,000,000	Yes
235	nba.com	Basketball	19,000,000	1%	370,000,000	Yes
236	nhk.or.jp	TV Networks & Stations	19,000,000	1%	280,000,000	No
237	cocolog-nifty.com	Blogging Resources & Services	19,000,000	1%	150,000,000	Yes
238	in.com	Web Portals	19,000,000	1%	190,000,000	Yes
239	abril.com.br	Web Portals	19,000,000	1%	280,000,000	Yes
240	nextag.com	Shopping	19,000,000	1%	110,000,000	Yes
241	kakaku.com	Price Comparisons	19,000,000	1%	720,000,000	Yes
242	huanqiu.com	News	19,000,000	1%	550,000,000	Yes
243	rincondelvago.com	Education	19,000,000	1%	90,000,000	Yes
244	usps.com	Mail & Package Delivery	19,000,000	1%	330,000,000	No
245	friv.com	Online Games	19,000,000	1%	340,000,000	Yes
246	capitalone.com	Credit Cards	19,000,000	1%	540,000,000	Yes
247	weather.com.cn	Weather	19,000,000	1%	120,000,000	Yes
248	okwave.jp	Forum & Chat Providers	19,000,000	1%	60,000,000	Yes
249	leboncoin.fr	Classifieds	19,000,000	1%	5,300,000,000	Yes
250	nicovideo.jp	Online Video	19,000,000	1%	2,100,000,000	Yes
251	norton.com	Network Security	19,000,000	1%	130,000,000	No
252	partycasino.com		18,000,000	0.9%	49,000,000	Yes
253	yzz.cn	Celebrities & Entertainment News	18,000,000	0.9%	88,000,000	Yes
254	marketgid.com	Shopping Portals & Search Engines	18,000,000	1%	210,000,000	Yes
255	web.de	Web Portals	18,000,000	0.9%	1,300,000,000	Yes
256	allrecipes.com	Cooking & Recipes	18,000,000	1%	250,000,000	Yes
257	17173.com	Roleplaying Games	18,000,000	0.9%	250,000,000	Yes
258	ameba.jp	Blogging Resources & Services	18,000,000	0.9%	1,700,000,000	Yes
259	foxtab.com	Internet Clients & Browsers	18,000,000	0.9%	73,000,000	Yes
260	homedepot.com	Home Improvement	18,000,000	0.9%	340,000,000	No
261	groupon.com.br	Coupons & Discount Offers	18,000,000	1%	89,000,000	Yes
262	guardian.co.uk	Newspapers	18,000,000	0.9%	160,000,000	Yes
263	skycn.com	Software	18,000,000	0.9%	96,000,000	Yes
264	avast.com		18,000,000	0.9%	74,000,000	No
265	cyworld.com	Celebrities & Entertainment News	18,000,000	1%	1,700,000,000	No
266	hulu.com	Online Video	18,000,000	0.9%	450,000,000	Yes
267	exblog.jp	Blogging Resources & Services	18,000,000	0.9%	190,000,000	Yes
268	vk.com	Social Networks	18,000,000	0.9%	1,300,000,000	No
269	wn.com	World News	18,000,000	0.9%	34,000,000	Yes
270	surveymonkey.com	Web Apps & Online Tools	18,000,000	0.9%	170,000,000	Yes
271	nk.pl	Social Networks	18,000,000	0.9%	5,400,000,000	Yes
272	real.com	Media Players	18,000,000	0.9%	55,000,000	Yes
273	monografias.com	Web Portals	18,000,000	0.9%	74,000,000	Yes
274	clubpenguin.com	Virtual Worlds	17,000,000	0.9%	650,000,000	No
275	ocn.ne.jp	Web Portals	17,000,000	0.9%	300,000,000	Yes
276	microsofttranslator.com	Translation Tools & Resources	17,000,000	0.9%	81,000,000	Yes
277	oyunlar1.com	Online Games	17,000,000	0.9%	960,000,000	Yes
278	onet.pl	Web Portals	17,000,000	0.9%	3,300,000,000	Yes
279	boosj.com	Online Video	17,000,000	0.9%	130,000,000	Yes
280	intuit.com	Business Operations	17,000,000	0.9%	410,000,000	Yes
281	webmd.com	Medical Literature & Resources	17,000,000	0.9%	160,000,000	Yes
282	chinanews.com	Cosmetic Surgery	17,000,000	0.9%	440,000,000	Yes
283	twitpic.com	Online Communities	17,000,000	0.9%	160,000,000	Yes
284	so-net.ne.jp	Web Portals	17,000,000	0.9%	160,000,000	Yes
285	uoyoo.cn		17,000,000	0.9%	51,000,000	Yes
286	metrolyrics.com	Music & Audio	17,000,000	0.9%	60,000,000	Yes
287	yomiuri.co.jp	Newspapers	17,000,000	0.9%	340,000,000	Yes
288	wordreference.com		17,000,000	0.9%	190,000,000	Yes
289	telegraph.co.uk	Newspapers	17,000,000	0.9%	210,000,000	Yes
290	2ch.net	Forum & Chat Providers	17,000,000	0.9%	650,000,000	Yes
291	tagged.com	Online Games	16,000,000	0.9%	4,000,000,000	Yes
292	wsj.com	Newspapers	16,000,000	0.8%	210,000,000	Yes
293	game5.com	Massive Multiplayer	16,000,000	0.9%	37,000,000	Yes
294	dangdang.com	Book Retailers	16,000,000	0.9%	370,000,000	Yes
295	ucoz.ru	Web Design & Development	16,000,000	0.9%	250,000,000	Yes
296	ccb.com.cn	Banking	16,000,000	0.9%	250,000,000	No
297	wp.pl		16,000,000	0.9%	2,200,000,000	Yes
298	m1905.com	TV Networks & Stations	16,000,000	0.9%	210,000,000	Yes
299	1ting.com	Music & Audio	16,000,000	0.8%	230,000,000	Yes
300	sonico.com	Social Networks	16,000,000	0.9%	540,000,000	Yes
301	macys.com	Mass Merchants & Department Stores	16,000,000	0.8%	650,000,000	Yes
302	wan71.com		16,000,000	0.8%	42,000,000	No
303	hexun.com	Investing	16,000,000	0.9%	190,000,000	Yes
304	careerbuilder.com	Job Listings	16,000,000	0.9%	400,000,000	Yes
305	typepad.com	Blogging Resources & Services	16,000,000	0.9%	90,000,000	Yes
306	shopping.com	Price Comparisons	16,000,000	0.8%	73,000,000	Yes
307	zing.vn	Viet Nam	16,000,000	0.9%	1,900,000,000	Yes
308	imvu.com	Social Networks	16,000,000	0.9%	210,000,000	Yes
309	mop.com	Roleplaying Games	16,000,000	0.8%	190,000,000	Yes
310	verycd.com	File Sharing & Hosting	16,000,000	0.9%	160,000,000	Yes
311	whitepages.com	Search Engines	16,000,000	0.9%	210,000,000	Yes
312	over-blog.com	Blogging Resources & Services	16,000,000	0.9%	170,000,000	Yes
313	robtex.com		16,000,000	0.8%	37,000,000	Yes
314	jugem.jp	Blogging Resources & Services	16,000,000	0.8%	99,000,000	Yes
315	monster.com	Jobs	16,000,000	0.9%	340,000,000	Yes
316	allegro.pl	Auctions	16,000,000	0.9%	4,400,000,000	Yes
317	wanmei.com	Vision Care	16,000,000	0.9%	96,000,000	No
318	95599.cn	Banking	16,000,000	0.9%	210,000,000	No
319	picnik.com	Photographic & Digital Arts	16,000,000	0.8%	1,100,000,000	Yes
320	zimbio.com	Celebrities & Entertainment News	16,000,000	0.8%	140,000,000	Yes
321	duowan.com	Online Games	16,000,000	0.9%	400,000,000	Yes
322	fedex.com	Mail & Package Delivery	16,000,000	0.9%	310,000,000	Yes
323	abchina.com	Banking	16,000,000	0.9%	230,000,000	No
324	lowes.com	Home Improvement	16,000,000	0.8%	340,000,000	Yes
325	tenpay.com	Merchant Services & Payment Systems	16,000,000	0.8%	190,000,000	No
326	moonbasa.com	Undergarments	16,000,000	0.9%	97,000,000	No
327	asahi.com	News	16,000,000	0.9%	260,000,000	Yes
328	gmx.net	Web Portals	16,000,000	0.9%	720,000,000	Yes
329	juegos.com	Online Games	16,000,000	0.9%	550,000,000	Yes
330	sears.com	Mass Merchants & Department Stores	16,000,000	0.8%	280,000,000	Yes
331	dianping.com	Dining Guides	16,000,000	0.9%	130,000,000	Yes
332	hotels.com	Hotels & Accommodations	16,000,000	0.9%	230,000,000	Yes
333	woyo.com	Social Networks	16,000,000	0.9%	54,000,000	No
334	sakura.ne.jp	Web Hosting & Domain Registration	16,000,000	0.8%	210,000,000	Yes
335	libero.it	Web Portals	16,000,000	0.9%	1,400,000,000	Yes
336	zqgame.com	Sony PlayStation	15,000,000	0.8%	35,000,000	Yes
337	rediff.com	Web Portals	15,000,000	0.8%	1,300,000,000	Yes
338	caixa.gov.br	Banking	15,000,000	0.8%	500,000,000	No
339	deviantart.com	Photographic & Digital Arts	15,000,000	0.8%	870,000,000	Yes
340	mylife.com	People Search	15,000,000	0.8%	98,000,000	Yes
341	amazon.cn	Shopping Portals & Search Engines	15,000,000	0.8%	230,000,000	No
342	pagesjaunes.fr	Business & Personal Listings	15,000,000	0.8%	270,000,000	Yes
343	wikimapia.org	Maps	15,000,000	0.8%	280,000,000	Yes
344	bild.de	News	15,000,000	0.8%	450,000,000	Yes
345	gutefrage.net	Educational Resources	15,000,000	0.8%	60,000,000	Yes
346	hubpages.com	Investing	15,000,000	0.8%	56,000,000	Yes
347	ning.com	Web Design & Development	15,000,000	0.8%	230,000,000	Yes
348	softpedia.com	Software	15,000,000	0.8%	81,000,000	Yes
349	tu.tv	Online Video	15,000,000	0.8%	120,000,000	Yes
350	constantcontact.com	Email & Messaging	15,000,000	0.8%	230,000,000	Yes
351	pcauto.com.cn	Vehicle Shopping	15,000,000	0.8%	800,000,000	Yes
352	mobile.de	Vehicle Shopping	15,000,000	0.8%	1,500,000,000	Yes
353	orkut.co.in	Social Networks	15,000,000	0.8%	1,200,000,000	Yes
354	ournba.net	Online Video	15,000,000	0.8%	89,000,000	Yes
355	passport.net	Email & Messaging	15,000,000	0.8%	80,000,000	Yes
356	liutilities.com	Software Utilities	14,000,000	0.8%	28,000,000	No
357	qire123.com	Online Video	14,000,000	0.8%	270,000,000	Yes
358	jcpenney.com	Mass Merchants & Department Stores	14,000,000	0.8%	540,000,000	Yes
359	mainichi.jp	Newspapers	14,000,000	0.8%	130,000,000	Yes
360	justin.tv	Online Video	14,000,000	0.8%	600,000,000	Yes
361	xici.net	Online Communities	14,000,000	0.8%	210,000,000	Yes
362	ustream.tv	Online Video	14,000,000	0.8%	140,000,000	Yes
363	southwest.com	Air Travel	14,000,000	0.8%	330,000,000	Yes
364	kioskea.net	Computers & Electronics	14,000,000	0.8%	80,000,000	Yes
365	intel.com	Chips & Processors	14,000,000	0.8%	80,000,000	No
366	51.com	Social Networks	14,000,000	0.8%	720,000,000	Yes
367	sweetim.com	Clip Art & Animated GIFs	14,000,000	0.8%	210,000,000	Yes
368	manta.com	Business & Industrial	14,000,000	0.8%	56,000,000	Yes
369	verizon.com	Service Providers	14,000,000	0.8%	960,000,000	Yes
370	squidoo.com	Web Services	14,000,000	0.8%	66,000,000	Yes
371	baixing.com	Classifieds	14,000,000	0.8%	540,000,000	Yes
372	webs.com	Web Design & Development	14,000,000	0.8%	190,000,000	Yes
373	torrentz.eu	File Sharing & Hosting	14,000,000	0.8%	330,000,000	Yes
374	wikihow.com	How-To&sbquo; DIY & Expert Content	14,000,000	0.8%	38,000,000	Yes
375	allabout.co.jp	General Reference	14,000,000	0.8%	98,000,000	Yes
376	bitauto.com	Autos & Vehicles	13,000,000	0.7%	490,000,000	Yes
377	bizrate.com	Apparel	13,000,000	0.7%	89,000,000	Yes
378	addictinggames.com	Online Games	13,000,000	0.7%	210,000,000	Yes
379	ebuddy.com	Email & Messaging	13,000,000	0.7%	250,000,000	Yes
380	priceline.com	Travel	13,000,000	0.7%	280,000,000	Yes
381	washingtonpost.com	Newspapers	13,000,000	0.7%	210,000,000	Yes
382	armorgames.com	Online Games	13,000,000	0.7%	130,000,000	Yes
383	optmd.com	Advertising & Marketing	13,000,000	0.7%	31,000,000	Yes
384	wunderground.com	Weather	13,000,000	0.7%	230,000,000	Yes
385	filesonic.com	File Sharing & Hosting	13,000,000	0.7%	88,000,000	No
386	nick.com	Online Games	13,000,000	0.7%	480,000,000	Yes
387	rr.com	Web Portals	13,000,000	0.7%	960,000,000	Yes
388	tom.com	News	13,000,000	0.7%	330,000,000	Yes
389	agame.com	Computer & Video Games	13,000,000	0.7%	210,000,000	Yes
390	indiatimes.com	Newspapers	13,000,000	0.7%	370,000,000	Yes
391	sdo.com	Online Games	13,000,000	0.7%	160,000,000	Yes
392	opera.com	Internet Clients & Browsers	13,000,000	0.7%	60,000,000	Yes
393	mynet.com	Web Portals	13,000,000	0.7%	1,400,000,000	Yes
394	univision.com	Web Portals	13,000,000	0.7%	340,000,000	Yes
395	chip.de	Computers & Electronics	13,000,000	0.7%	130,000,000	Yes
396	videobash.com	Humor	13,000,000	0.7%	50,000,000	Yes
397	usatoday.com	Newspapers	13,000,000	0.7%	190,000,000	Yes
398	ezinearticles.com	Dating & Personals	13,000,000	0.7%	67,000,000	Yes
399	accountonline.com	Credit Cards	13,000,000	0.7%	230,000,000	Yes
400	qidian.com	Fan Fiction	13,000,000	0.7%	550,000,000	Yes
401	61.com	Family-Oriented Games & Activities	13,000,000	0.7%	120,000,000	No
402	cartoonnetwork.com	Cartoons	13,000,000	0.7%	410,000,000	Yes
403	taleo.net	Management	13,000,000	0.7%	360,000,000	Yes
404	linternaute.com	Magazines	13,000,000	0.7%	250,000,000	Yes
405	foodnetwork.com	Cooking & Recipes	13,000,000	0.7%	190,000,000	Yes
406	virgilio.it	Web Portals	13,000,000	0.7%	600,000,000	Yes
407	best-price.com	Price Comparisons	13,000,000	0.7%	45,000,000	Yes
408	rakuten.ne.jp	Shopping Portals & Search Engines	13,000,000	0.7%	110,000,000	Yes
409	sp.gov.br	State & Local Government	13,000,000	0.7%	550,000,000	Yes
410	beemp3.com	Music Streams & Downloads	13,000,000	0.7%	130,000,000	Yes
411	formspring.me	Social Networks	13,000,000	0.7%	500,000,000	No
412	freeonlinegames.com	Casual Games	13,000,000	0.7%	130,000,000	Yes
413	shopathome.com	Coupons & Discount Offers	13,000,000	0.7%	160,000,000	Yes
414	ign.com	Computer & Video Games	13,000,000	0.7%	160,000,000	Yes
415	latimes.com	Newspapers	13,000,000	0.7%	97,000,000	Yes
416	people.com	Celebrities & Entertainment News	13,000,000	0.7%	720,000,000	Yes
417	tabelog.com	Dining Guides	13,000,000	0.7%	250,000,000	Yes
418	skyrock.com	Social Networks	13,000,000	0.7%	800,000,000	Yes
419	excite.co.jp	Web Portals	12,000,000	0.6%	210,000,000	Yes
420	docin.com	Advertising & Marketing	12,000,000	0.6%	73,000,000	Yes
421	ticketmaster.com	Ticket Sales	12,000,000	0.6%	250,000,000	Yes
422	local.com	Business & Personal Listings	12,000,000	0.6%	56,000,000	Yes
423	duckload.com	Web Design & Development	12,000,000	0.6%	98,000,000	Yes
424	pronto.com	Price Comparisons	12,000,000	0.6%	61,000,000	Yes
425	babycenter.com	Baby Care & Hygiene	12,000,000	0.6%	190,000,000	Yes
426	livedoor.com	Web Portals	12,000,000	0.6%	340,000,000	Yes
427	girlsgogames.com	Flash-Based Entertainment	12,000,000	0.6%	450,000,000	Yes
428	wiktionary.org	Dictionaries & Encyclopedias	12,000,000	0.6%	34,000,000	No
429	laredoute.fr	Apparel	12,000,000	0.7%	300,000,000	Yes
430	shentime.com	Movies	12,000,000	0.6%	55,000,000	Yes
431	wretch.cc	Online Journals & Personal Sites	12,000,000	0.7%	3,600,000,000	Yes
432	iza.ne.jp	News	12,000,000	0.6%	99,000,000	Yes
433	kohls.com	Apparel	12,000,000	0.6%	540,000,000	No
434	kuxun.cn	Bus & Rail	12,000,000	0.6%	130,000,000	Yes
435	usagc.org	Visa & Immigration	12,000,000	0.6%	31,000,000	Yes
436	blackberry.com	Smart Phones	12,000,000	0.6%	170,000,000	Yes
437	dropbox.com	File Sharing & Hosting	12,000,000	0.6%	190,000,000	No
438	legacy.com		12,000,000	0.6%	230,000,000	Yes
439	sfr.fr	Mobile & Wireless	12,000,000	0.6%	1,300,000,000	Yes
440	gap.com	Apparel	12,000,000	0.6%	370,000,000	Yes
441	r7.com	News	12,000,000	0.7%	280,000,000	Yes
442	91.com	Flash-Based Entertainment	12,000,000	0.6%	110,000,000	Yes
443	yfrog.com		12,000,000	0.6%	110,000,000	Yes
444	mixi.jp	Social Networks	12,000,000	0.6%	2,800,000,000	Yes
445	buenastareas.com	Educational Resources	12,000,000	0.6%	97,000,000	Yes
446	sponichi.co.jp	Sports News	12,000,000	0.6%	120,000,000	Yes
447	ztgame.com	E-Books	12,000,000	0.7%	45,000,000	No
448	gaopeng.com	Fitness	12,000,000	0.6%	25,000,000	No
449	qunar.com	Air Travel	12,000,000	0.6%	110,000,000	Yes
450	gamespot.com	Computer & Video Games	12,000,000	0.7%	120,000,000	Yes
451	ryanair.com	Air Travel	12,000,000	0.7%	110,000,000	Yes
452	51job.com	Jobs	12,000,000	0.6%	340,000,000	Yes
453	domaintools.com	Web Hosting & Domain Registration	12,000,000	0.6%	42,000,000	Yes
454	vagalume.com.br	Song Lyrics & Tabs	12,000,000	0.6%	190,000,000	Yes
455	ynet.com	News	12,000,000	0.7%	550,000,000	Yes
456	itau.com.br	Credit & Lending	12,000,000	0.6%	1,000,000,000	No
457	aufeminin.com	Women's Interests	12,000,000	0.6%	160,000,000	Yes
458	jiji.com	News	12,000,000	0.6%	140,000,000	Yes
459	buscape.com.br	Shopping Portals & Search Engines	12,000,000	0.6%	89,000,000	Yes
460	mapion.co.jp	Maps	12,000,000	0.6%	74,000,000	Yes
461	addthis.com	Internet Clients & Browsers	12,000,000	0.6%	38,000,000	No
462	pogo.com	Casual Games	12,000,000	0.6%	1,200,000,000	Yes
463	mtv.com	Music & Audio	12,000,000	0.6%	120,000,000	Yes
464	zylom.com	Online Games	12,000,000	0.6%	170,000,000	Yes
465	freeze.com	Freeware & Shareware	12,000,000	0.6%	74,000,000	Yes
466	icq.com	Forum & Chat Providers	12,000,000	0.6%	230,000,000	Yes
467	liveinternet.ru	Web Portals	12,000,000	0.6%	280,000,000	Yes
468	superpages.com	Business & Personal Listings	12,000,000	0.6%	51,000,000	Yes
469	opendns.com	Network Security	12,000,000	0.6%	120,000,000	Yes
470	naver.jp	Search Engines	12,000,000	0.6%	88,000,000	Yes
471	wan5d.com	Luxury Goods	12,000,000	0.6%	28,000,000	No
472	americanas.com.br	Shopping	12,000,000	0.6%	190,000,000	Yes
473	medicinenet.com	Health Conditions	12,000,000	0.6%	110,000,000	Yes
474	zoosk.com	Dating & Personals	12,000,000	0.6%	340,000,000	Yes
475	logsoku.com	Online Communities	12,000,000	0.6%	45,000,000	Yes
476	docstoc.com		12,000,000	0.6%	31,000,000	Yes
477	popeater.com	Celebrities & Entertainment News	12,000,000	0.6%	80,000,000	Yes
478	blogcu.com	Blogging Resources & Services	12,000,000	0.6%	88,000,000	Yes
479	evite.com	Gifts & Special Event Items	12,000,000	0.7%	170,000,000	Yes
480	aolnews.com	News	11,000,000	0.6%	74,000,000	Yes
481	shoplocal.com	Shopping Portals & Search Engines	11,000,000	0.6%	67,000,000	Yes
482	delta.com	Air Travel	11,000,000	0.6%	410,000,000	Yes
483	all-biz.info	Business & Industrial	11,000,000	0.6%	60,000,000	Yes
484	liveperson.net	Customer Relationship Management (CRM)	11,000,000	0.6%	49,000,000	No
485	interia.pl	Web Portals	11,000,000	0.6%	730,000,000	Yes
486	sanspo.com	Sports News	11,000,000	0.6%	140,000,000	Yes
487	letitbit.net	File Sharing & Hosting	11,000,000	0.6%	190,000,000	Yes
488	gazeta.pl	Newspapers	11,000,000	0.6%	370,000,000	Yes
489	apontador.com.br	City & Local Guides	11,000,000	0.6%	41,000,000	Yes
490	altervista.org	Blogging Resources & Services	11,000,000	0.6%	110,000,000	Yes
491	exoplanetwar.com	Strategy Games	11,000,000	0.6%	31,000,000	No
492	isohunt.com	Search Engines	11,000,000	0.6%	310,000,000	Yes
493	gyyx.cn	Online Games	11,000,000	0.6%	61,000,000	No
494	ebay.fr	Auctions	11,000,000	0.6%	1,100,000,000	Yes
495	citibank.com	Finance	11,000,000	0.6%	300,000,000	Yes
496	gmarket.co.kr	Shopping	11,000,000	0.6%	730,000,000	Yes
497	izlesene.com	Photo & Video Sharing	11,000,000	0.6%	190,000,000	Yes
498	hm.com	Apparel	11,000,000	0.6%	540,000,000	No
499	tao123.com	Web Portals	11,000,000	0.6%	160,000,000	Yes
500	pingan.com	Insurance	11,000,000	0.6%	51,000,000	No
501	overstock.com	Mass Merchants & Department Stores	11,000,000	0.6%	250,000,000	Yes
502	pc120.com	Antivirus & Malware	11,000,000	0.6%	50,000,000	No
503	angelfire.com	Web Hosting & Domain Registration	11,000,000	0.6%	37,000,000	Yes
504	vzw.com	Service Providers	11,000,000	0.6%	74,000,000	Yes
505	zifugame.com		11,000,000	0.6%	24,000,000	No
506	rbc.ru	Business News	11,000,000	0.6%	210,000,000	Yes
507	zillow.com	Real Estate	11,000,000	0.6%	450,000,000	Yes
508	orbitz.com	Travel	11,000,000	0.6%	210,000,000	Yes
509	infoseek.co.jp	Web Portals	11,000,000	0.6%	260,000,000	Yes
510	marketgid.info		11,000,000	0.6%	37,000,000	No
511	nike.com	Athletic Apparel	11,000,000	0.6%	210,000,000	Yes
512	elmundo.es	Newspapers	11,000,000	0.6%	210,000,000	Yes
513	etsy.com	Crafts	11,000,000	0.6%	650,000,000	No
514	it168.com	Computers & Electronics	11,000,000	0.6%	79,000,000	Yes
515	aa.com	Air Travel	11,000,000	0.6%	310,000,000	Yes
516	blog.me		11,000,000	0.6%	140,000,000	No
517	unkar.org	Forum & Chat Providers	11,000,000	0.6%	31,000,000	Yes
518	moshimonsters.com	Simulation Games	11,000,000	0.6%	280,000,000	Yes
519	huangjinquxian.com		11,000,000	0.6%	17,000,000	No
520	sprint.com	Mobile & Wireless	11,000,000	0.6%	310,000,000	Yes
521	symantec.com	Antivirus & Malware	11,000,000	0.6%	60,000,000	No
522	marca.com	Sports News	11,000,000	0.6%	450,000,000	Yes
523	mp3raid.com	Music Streams & Downloads	11,000,000	0.6%	80,000,000	Yes
524	tmz.com	Celebrities & Entertainment News	11,000,000	0.6%	230,000,000	Yes
525	t-mobile.com	Mobile Phones	11,000,000	0.6%	280,000,000	Yes
526	fazenda.gov.br	Public Finance	11,000,000	0.6%	370,000,000	No
527	pcpop.com	Search Engines	11,000,000	0.6%	120,000,000	Yes
528	barbie.com	Dress-Up & Fashion Games	11,000,000	0.6%	330,000,000	Yes
529	zhaopin.com	Job Listings	11,000,000	0.6%	280,000,000	Yes
530	doctissimo.fr	Health	11,000,000	0.6%	120,000,000	Yes
531	focus.cn	Dictionaries & Encyclopedias	11,000,000	0.6%	140,000,000	Yes
532	speedtest.net	Web Apps & Online Tools	11,000,000	0.6%	42,000,000	Yes
533	information.com	Search Engines	11,000,000	0.6%	31,000,000	Yes
534	pokerstrategy.com		11,000,000	0.6%	56,000,000	No
535	buzzle.com	Web Portals	11,000,000	0.6%	34,000,000	Yes
536	ctrip.com	Travel	11,000,000	0.6%	150,000,000	Yes
537	accuweather.com	Weather	11,000,000	0.6%	230,000,000	Yes
538	today.com	Blogging Resources & Services	11,000,000	0.6%	41,000,000	Yes
539	auction.co.kr	Price Comparisons	11,000,000	0.6%	590,000,000	No
540	multiply.com	Photo & Image Sharing	11,000,000	0.6%	210,000,000	Yes
541	acer.com	Desktop Computers	11,000,000	0.6%	90,000,000	No
542	toshiba.com	Computers & Electronics	11,000,000	0.6%	250,000,000	Yes
543	vesti.ru	News	11,000,000	0.6%	66,000,000	Yes
544	quepasa.com	Latinos & Latin-Americans	11,000,000	0.6%	210,000,000	Yes
545	ucjoy.com	Computer & Video Games	10,000,000	0.5%	23,000,000	No
546	pchome.net	Computers & Electronics	10,000,000	0.5%	80,000,000	Yes
547	citysearch.com	City & Local Guides	10,000,000	0.5%	38,000,000	Yes
548	tuenti.com	Social Networks	10,000,000	0.5%	23,000,000,000	No
549	chosun.com	Newspapers	10,000,000	0.5%	280,000,000	Yes
550	causes.com	Social Issues & Advocacy	10,000,000	0.5%	37,000,000	Yes
551	oi.com.br	Web Portals	10,000,000	0.5%	210,000,000	Yes
552	ebay.it	E-Commerce Services	10,000,000	0.5%	720,000,000	Yes
553	buycheapr.com	Consumer Electronics	10,000,000	0.5%	49,000,000	Yes
554	85play.com	Games	10,000,000	0.5%	89,000,000	Yes
555	stardoll.com	Dress-Up & Fashion Games	10,000,000	0.5%	870,000,000	Yes
556	ip138.com	Directories & Listings	10,000,000	0.5%	56,000,000	Yes
557	fixya.com	Consumer Resources	10,000,000	0.5%	41,000,000	Yes
558	kijiji.ca	Shopping	10,000,000	0.5%	1,400,000,000	Yes
559	aweber.com	Email & Messaging	10,000,000	0.5%	74,000,000	Yes
560	xe.com	Travel	10,000,000	0.5%	120,000,000	Yes
561	letao.com	Footwear	10,000,000	0.5%	73,000,000	No
562	time.com	News	10,000,000	0.5%	97,000,000	Yes
563	gnavi.co.jp	Dining Guides	10,000,000	0.5%	160,000,000	Yes
564	wetter.com	Weather	10,000,000	0.5%	140,000,000	Yes
565	cri.cn	News	10,000,000	0.5%	130,000,000	Yes
566	filehippo.com	File Sharing & Hosting	10,000,000	0.5%	66,000,000	Yes
567	01net.com	Technology News	9,900,000	0.5%	110,000,000	Yes
568	sapo.pt	Web Portals	9,900,000	0.5%	490,000,000	Yes
569	webry.info	Military	9,900,000	0.5%	60,000,000	Yes
570	tinypic.com	Photo & Video Sharing	9,900,000	0.5%	45,000,000	Yes
571	costco.com	Mass Merchants & Department Stores	9,900,000	0.5%	190,000,000	No
572	playstation.com	Sony PlayStation	9,900,000	0.5%	130,000,000	Yes
573	cbsnews.com	News	9,900,000	0.5%	98,000,000	Yes
574	ea.com	Computer & Video Games	9,900,000	0.5%	120,000,000	Yes
575	pbskids.org		9,900,000	0.5%	960,000,000	Yes
576	novoteka.ru	Newspapers	9,900,000	0.5%	110,000,000	Yes
577	2144.cn	Online Games	9,900,000	0.5%	250,000,000	Yes
578	olx.com.br	Classifieds	9,900,000	0.5%	54,000,000	Yes
579	spiegel.de	Newspapers	9,900,000	0.5%	330,000,000	Yes
580	alexa.com	Advertising & Marketing	9,900,000	0.5%	210,000,000	Yes
581	pixnet.net	Online Journals & Personal Sites	9,900,000	0.5%	160,000,000	Yes
582	nikkeibp.co.jp	Business News	9,900,000	0.5%	130,000,000	Yes
583	qip.ru	Web Portals	9,900,000	0.5%	250,000,000	Yes
584	tistory.com	Blogging Resources & Services	9,900,000	0.5%	67,000,000	Yes
585	makepolo.com	E-Commerce Services	9,900,000	0.5%	81,000,000	Yes
586	usafis.org	Visa & Immigration	9,900,000	0.5%	19,000,000	No
587	last.fm	Music Streams & Downloads	9,900,000	0.5%	82,000,000	Yes
588	marriott.com	Hotels & Accommodations	9,900,000	0.5%	190,000,000	No
589	lego.com	Toys	9,900,000	0.5%	600,000,000	No
590	realtor.com	Real Estate Listings	9,900,000	0.5%	370,000,000	Yes
591	ed.gov	Education	9,900,000	0.5%	340,000,000	No
592	mtime.com	Movies	9,900,000	0.5%	89,000,000	Yes
593	ninemsn.com.au	Celebrities & Entertainment News	9,900,000	0.5%	440,000,000	Yes
594	godaddy.com	Web Hosting & Domain Registration	9,900,000	0.5%	230,000,000	Yes
595	lashou.com	Coupons & Discount Offers	9,900,000	0.5%	81,000,000	No
596	merriam-webster.com	Dictionaries & Encyclopedias	9,900,000	0.5%	66,000,000	Yes
597	issuu.com	Software Utilities	9,900,000	0.5%	35,000,000	Yes
598	ct10000.com	Phone Service Providers	9,800,000	0.5%	130,000,000	Yes
599	sky.com	Web Portals	9,800,000	0.5%	530,000,000	Yes
600	hc360.com	E-Commerce Services	9,800,000	0.5%	120,000,000	Yes
601	27.cn	Beauty & Fitness	9,800,000	0.5%	230,000,000	Yes
602	ca.gov	State & Local Government	9,800,000	0.5%	370,000,000	Yes
603	wat.tv	Online Video	9,800,000	0.5%	68,000,000	Yes
604	howstuffworks.com	How-To&sbquo; DIY & Expert Content	9,800,000	0.5%	73,000,000	Yes
605	barnesandnoble.com	Book Retailers	9,800,000	0.5%	210,000,000	Yes
606	szgla.com	Video Game Retailers	9,800,000	0.5%	23,000,000	Yes
607	aljazeera.net	TV Networks & Stations	9,800,000	0.5%	170,000,000	Yes
608	plentyoffish.com	Online Communities	9,800,000	0.5%	2,800,000,000	Yes
609	forbes.com	Business News	9,800,000	0.5%	98,000,000	Yes
610	japanpost.jp	Mail & Package Delivery	9,800,000	0.5%	190,000,000	No
611	120ask.com	Health Conditions	9,800,000	0.5%	46,000,000	Yes
612	sympatico.ca	Web Portals	9,800,000	0.5%	170,000,000	Yes
613	hilton.com	Hotels & Accommodations	9,800,000	0.5%	170,000,000	No
614	rutube.ru	Video Sharing	9,800,000	0.5%	88,000,000	Yes
615	wachovia.com	Banking	9,700,000	0.5%	540,000,000	Yes
616	timeanddate.com	Time & Calendars	9,100,000	0.5%	37,000,000	Yes
617	citi.com	Finance	9,100,000	0.5%	50,000,000	Yes
618	115.com	Search Engines	9,100,000	0.5%	66,000,000	Yes
619	mercadolibre.com.mx	Classifieds	9,100,000	0.5%	340,000,000	Yes
620	198game.net	Games	9,100,000	0.5%	25,000,000	No
621	victoriassecret.com	Undergarments	9,100,000	0.5%	490,000,000	Yes
622	mundoanuncio.com	Classifieds	9,100,000	0.5%	170,000,000	Yes
623	zhcw.com		9,100,000	0.5%	110,000,000	Yes
624	teacup.com	Forum & Chat Providers	9,100,000	0.5%	98,000,000	Yes
625	china.com.cn	Internet & Telecom	9,100,000	0.5%	61,000,000	Yes
626	coupons.com	Coupons & Discount Offers	9,100,000	0.5%	210,000,000	Yes
627	nickjr.com	TV Family-Oriented Shows	9,100,000	0.5%	540,000,000	Yes
628	yoka.com	Fashion & Style	9,100,000	0.5%	230,000,000	Yes
629	kayak.com	Air Travel	9,100,000	0.5%	120,000,000	Yes
630	speeddate.com	Dating & Personals	9,100,000	0.5%	210,000,000	Yes
631	hotwire.com	Travel	9,100,000	0.5%	90,000,000	Yes
632	discovercard.com	Credit Cards	9,100,000	0.5%	230,000,000	Yes
633	jalan.net	Hotels & Accommodations	9,100,000	0.5%	340,000,000	Yes
634	mgid.com	Price Comparisons	9,100,000	0.5%	60,000,000	Yes
635	toysrus.com	Toys	9,100,000	0.5%	230,000,000	No
636	pointblank.ru	Computer & Video Games	9,100,000	0.5%	18,000,000	Yes
637	mt.co.kr	Investing	9,100,000	0.5%	97,000,000	Yes
638	veoh.com	Online Video	9,100,000	0.5%	67,000,000	Yes
639	me.com	Mobile Apps & Add-Ons	9,100,000	0.5%	190,000,000	Yes
640	5d6d.com	Movies	9,100,000	0.5%	87,000,000	Yes
641	rian.ru	Web Portals	9,000,000	0.5%	67,000,000	Yes
642	yiqiwin.com	Acupuncture & Chinese Medicine	9,000,000	0.5%	28,000,000	No
643	webcrawler.com	Search Engines	9,000,000	0.5%	50,000,000	Yes
644	juegosjuegos.com	Games	9,000,000	0.5%	340,000,000	Yes
645	elpais.com	Newspapers	9,000,000	0.5%	210,000,000	Yes
646	kboing.com.br	Music Streams & Downloads	9,000,000	0.5%	370,000,000	Yes
647	boc.cn	Currencies & Foreign Exchange	9,000,000	0.5%	170,000,000	No
648	acrobat.com	Business & Productivity Software	9,000,000	0.5%	50,000,000	No
649	cmbchina.com	Banking	9,000,000	0.5%	110,000,000	No
650	esmas.com	Web Portals	9,000,000	0.5%	160,000,000	Yes
651	11st.co.kr	Home Financing	9,000,000	0.5%	380,000,000	No
652	zappos.com	Apparel	9,000,000	0.5%	280,000,000	No
653	mundodastribos.com	Arts & Entertainment	9,000,000	0.5%	28,000,000	Yes
654	weather.gov	Weather	9,000,000	0.5%	190,000,000	No
655	bigfishgames.com	Computer & Video Games	9,000,000	0.5%	180,000,000	Yes
656	groupon.jp	Coupons & Discount Offers	9,000,000	0.5%	51,000,000	Yes
657	peixeurbano.com.br	Coupons & Discount Offers	9,000,000	0.5%	89,000,000	Yes
658	dion.ne.jp	ISPs	9,000,000	0.5%	55,000,000	Yes
659	travelzoo.com	Travel Agencies & Services	9,000,000	0.5%	74,000,000	Yes
660	rising.cn		9,000,000	0.5%	250,000,000	Yes
661	groupon.co.uk	Coupons & Discount Offers	9,000,000	0.5%	67,000,000	No
662	v1.cn	Fashion & Style	9,000,000	0.5%	34,000,000	Yes
663	intelius.com	People Search	9,000,000	0.5%	110,000,000	Yes
664	national-lottery.co.uk		9,000,000	0.5%	310,000,000	Yes
665	euroresidentes.com	Web Portals	9,000,000	0.5%	45,000,000	Yes
666	bloomberg.com	Business News	9,000,000	0.5%	140,000,000	Yes
667	europa.eu	Multilateral Organizations	9,000,000	0.5%	110,000,000	No
668	qqwangming.org	Online Goodies	9,000,000	0.5%	120,000,000	Yes
669	114la.com	Directories & Listings	9,000,000	0.5%	250,000,000	Yes
670	24h.com.vn	News	9,000,000	0.5%	590,000,000	Yes
671	yaplog.jp	Blogging Resources & Services	9,000,000	0.5%	67,000,000	Yes
672	onlinedown.net	Software	9,000,000	0.5%	28,000,000	Yes
673	duote.com	Software	9,000,000	0.5%	55,000,000	Yes
674	credit-agricole.fr	Banking	9,000,000	0.5%	400,000,000	Yes
675	oricon.co.jp	Music & Audio	9,000,000	0.5%	67,000,000	Yes
676	nydailynews.com	Gossip & Tabloid News	9,000,000	0.5%	67,000,000	Yes
677	plala.or.jp	ISPs	9,000,000	0.5%	73,000,000	Yes
678	ancestry.com	Ancestry & Genealogy	9,000,000	0.5%	970,000,000	Yes
679	sanook.com	Web Portals	9,000,000	0.5%	480,000,000	Yes
680	etao.com	Fashion & Style	9,000,000	0.5%	50,000,000	Yes
681	dipan.com	Computer & Video Games	9,000,000	0.5%	31,000,000	Yes
682	cookpad.com	Cooking & Recipes	9,000,000	0.5%	370,000,000	Yes
683	hurriyet.com.tr	Newspapers	9,000,000	0.5%	800,000,000	Yes
684	android.com	Mobile Apps & Add-Ons	9,000,000	0.5%	130,000,000	No
685	righthealth.com	Medical Literature & Resources	9,000,000	0.5%	37,000,000	Yes
686	windowsmedia.com	Music & Audio	9,000,000	0.5%	23,000,000	Yes
687	ojogos.com.br	Online Games	9,000,000	0.5%	250,000,000	Yes
688	amazon.fr	Shopping Portals & Search Engines	9,000,000	0.5%	210,000,000	No
689	tesco.com	Mass Merchants & Department Stores	9,000,000	0.5%	360,000,000	Yes
690	hyves.nl	Social Networks	9,000,000	0.5%	3,600,000,000	Yes
691	enfemenino.com	Women's Interests	9,000,000	0.5%	54,000,000	Yes
692	weebly.com	Web Design & Development	9,000,000	0.5%	73,000,000	Yes
693	xpg.com.br	Web Hosting & Domain Registration	9,000,000	0.5%	98,000,000	Yes
694	poptropica.com	Virtual Worlds	9,000,000	0.5%	870,000,000	No
695	dygod.net	TV Shows & Programs	8,900,000	0.5%	50,000,000	Yes
696	fidelity.com	Retirement & Pension	8,900,000	0.5%	540,000,000	Yes
697	nokia.com	Mobile Phones	8,900,000	0.5%	98,000,000	No
698	vnet.cn	Web Portals	8,900,000	0.5%	45,000,000	Yes
699	nhl.com	Hockey	8,900,000	0.5%	210,000,000	Yes
700	espncricinfo.com	Cricket	8,900,000	0.5%	230,000,000	Yes
701	impress.co.jp	Computers & Electronics	8,900,000	0.5%	120,000,000	Yes
702	otto.de	Mass Merchants & Department Stores	8,900,000	0.5%	440,000,000	No
703	kickasstorrents.com	File Sharing & Hosting	8,900,000	0.5%	120,000,000	Yes
704	gd118114.cn	Web Services	8,900,000	0.5%	31,000,000	Yes
705	autotrader.com	Vehicle Shopping	8,900,000	0.5%	410,000,000	Yes
706	direct.gov.uk	Law & Government	8,900,000	0.5%	400,000,000	Yes
707	coolmath-games.com	Mathematics	8,900,000	0.5%	230,000,000	Yes
708	vevo.com	Music Streams & Downloads	8,900,000	0.5%	51,000,000	Yes
709	shvoong.com	Arts & Entertainment	8,900,000	0.5%	23,000,000	Yes
710	fandango.com	Movie Listings & Theater Showtimes	8,900,000	0.5%	98,000,000	Yes
711	mayoclinic.com	Health Conditions	8,900,000	0.5%	66,000,000	Yes
712	zaycev.net	Music Streams & Downloads	8,900,000	0.5%	410,000,000	Yes
713	readnovel.com	E-Books	8,900,000	0.5%	540,000,000	Yes
714	thesun.co.uk	Newspapers	8,900,000	0.5%	140,000,000	Yes
715	atwiki.jp	Web Hosting & Domain Registration	8,900,000	0.5%	210,000,000	Yes
716	yesky.com	Computers & Electronics	8,800,000	0.5%	74,000,000	Yes
717	travelocity.com	Travel Agencies & Services	8,800,000	0.5%	210,000,000	Yes
718	livescore.com		8,800,000	0.5%	720,000,000	Yes
719	ovi.com	Mobile Apps & Add-Ons	8,800,000	0.5%	250,000,000	No
720	vnexpress.net	News	8,800,000	0.5%	600,000,000	Yes
721	kp.ru	News	8,800,000	0.5%	80,000,000	Yes
722	stumbleupon.com	Web Apps & Online Tools	8,300,000	0.4%	230,000,000	Yes
723	discovery.com	TV Networks & Stations	8,300,000	0.4%	73,000,000	Yes
724	bahn.de	Bus & Rail	8,300,000	0.4%	170,000,000	Yes
725	topix.com	Local News	8,300,000	0.4%	110,000,000	Yes
726	noaa.gov	Water & Marine Sciences	8,300,000	0.4%	130,000,000	No
727	shangdu.com		8,300,000	0.4%	98,000,000	Yes
728	programas-gratis.net	Software	8,300,000	0.4%	51,000,000	Yes
729	trulia.com	Real Estate Listings	8,300,000	0.4%	250,000,000	Yes
730	repubblica.it	Politics	8,300,000	0.4%	370,000,000	Yes
731	associatedcontent.com	General Reference	8,300,000	0.4%	31,000,000	Yes
732	goal.com	Soccer	8,300,000	0.4%	120,000,000	Yes
733	archive.org	General Reference	8,300,000	0.4%	80,000,000	No
734	pclady.com.cn	Fashion & Style	8,300,000	0.4%	140,000,000	Yes
735	ibm.com	Computers & Electronics	8,200,000	0.4%	170,000,000	No
736	nationalgeographic.com	Magazines	8,200,000	0.4%	88,000,000	Yes
737	digg.com	Online Communities	8,200,000	0.4%	50,000,000	Yes
738	iciba.com	Language Resources	8,200,000	0.4%	110,000,000	Yes
739	wwe.com	Sports	8,200,000	0.4%	140,000,000	Yes
740	videosurf.com	Online Video	8,200,000	0.4%	89,000,000	Yes
741	gismeteo.ru	Weather	8,200,000	0.4%	140,000,000	Yes
742	myvideo.de	Online Video	8,200,000	0.4%	110,000,000	Yes
743	partypoker.fr		8,200,000	0.4%	42,000,000	Yes
744	usbank.com	Banking	8,200,000	0.4%	440,000,000	No
745	xcar.com.cn	Autos & Vehicles	8,200,000	0.4%	310,000,000	Yes
746	bleacherreport.com	American Football	8,200,000	0.4%	300,000,000	Yes
747	geocities.co.jp	Web Hosting & Domain Registration	8,200,000	0.4%	41,000,000	Yes
748	rtl.de	TV Networks & Stations	8,200,000	0.4%	140,000,000	Yes
749	drugs.com	Health	8,200,000	0.4%	45,000,000	Yes
750	haodf.com	Hospitals & Treatment Centers	8,200,000	0.4%	81,000,000	No
751	chinadaily.com.cn	News	8,200,000	0.4%	55,000,000	Yes
752	juegosdiarios.com	Casual Games	8,200,000	0.4%	230,000,000	Yes
753	directv.com	Cable & Satellite Providers	8,200,000	0.4%	140,000,000	No
754	argos.co.uk	Mass Merchants & Department Stores	8,200,000	0.4%	170,000,000	Yes
755	yam.com	Web Portals	8,200,000	0.4%	230,000,000	Yes
756	urbandictionary.com	Humor	8,200,000	0.4%	41,000,000	Yes
757	corriere.it	Newspapers	8,200,000	0.4%	330,000,000	Yes
758	gifts.com	Gifts	8,200,000	0.4%	28,000,000	Yes
759	qqgexing.com	Social Network Apps & Add-Ons	8,200,000	0.4%	720,000,000	Yes
760	autoscout24.de	Vehicle Shopping	8,200,000	0.4%	800,000,000	Yes
761	24quan.com	Coupons & Discount Offers	8,200,000	0.4%	34,000,000	No
762	jimdo.com	Web Design & Development	8,200,000	0.4%	89,000,000	Yes
763	readme.ru	News	8,200,000	0.4%	81,000,000	Yes
764	360doc.com	Social Sciences	8,200,000	0.4%	61,000,000	Yes
765	9ku.com	Music Streams & Downloads	8,100,000	0.4%	120,000,000	Yes
766	kapook.com	Web Portals	8,100,000	0.4%	170,000,000	Yes
767	piriform.com	Software Utilities	8,100,000	0.4%	34,000,000	Yes
768	suning.cn	Home Appliances	8,100,000	0.4%	66,000,000	No
769	guiaconsumidor.com		8,100,000	0.4%	28,000,000	No
770	grepolis.com	Massive Multiplayer	8,100,000	0.4%	1,300,000,000	No
771	worldslastchance.com	Christianity	8,100,000	0.4%	16,000,000	Yes
772	ya.ru	Search Engines	8,100,000	0.4%	120,000,000	Yes
773	infospace.com	Search Engines	8,100,000	0.4%	73,000,000	No
774	jxedt.com	Vehicle Licensing & Registration	8,100,000	0.4%	270,000,000	Yes
775	pcgames.com.cn	Online Games	8,100,000	0.4%	67,000,000	Yes
776	examiner.com	News	8,100,000	0.4%	41,000,000	Yes
777	snapdeal.com	Coupons & Discount Offers	8,100,000	0.4%	31,000,000	Yes
778	cooks.com	Cooking & Recipes	8,100,000	0.4%	99,000,000	Yes
779	cbs.com	TV Shows & Programs	8,100,000	0.4%	110,000,000	Yes
780	usenet.nl	File Sharing & Hosting	8,100,000	0.4%	21,000,000	No
781	made-in-china.com	Business & Industrial	8,100,000	0.4%	62,000,000	Yes
782	cnxad.com		8,100,000	0.4%	21,000,000	No
783	partypoker.it		8,100,000	0.4%	38,000,000	Yes
784	lenovo.com	Computer Hardware	8,100,000	0.4%	130,000,000	Yes
785	engadget.com	Consumer Electronics	8,100,000	0.4%	54,000,000	Yes
786	888.com		8,100,000	0.4%	17,000,000	Yes
787	ziddu.com	Photo & Video Sharing	8,100,000	0.4%	66,000,000	Yes
788	city-data.com	Real Estate	8,100,000	0.4%	38,000,000	Yes
789	juchang.com	Movies	8,100,000	0.4%	73,000,000	Yes
790	marktplaats.nl	Classifieds	8,100,000	0.4%	1,700,000,000	Yes
791	appspot.com	Web Apps & Online Tools	8,100,000	0.4%	56,000,000	Yes
792	milliyet.com.tr	Newspapers	8,100,000	0.4%	970,000,000	Yes
793	ebay.com.au	Auctions	8,100,000	0.4%	1,300,000,000	Yes
794	shockwave.com	Casual Games	8,100,000	0.4%	82,000,000	Yes
795	mercadolibre.com.ar	Classifieds	8,000,000	0.4%	490,000,000	Yes
796	immobilienscout24.de	Real Estate Listings	8,000,000	0.4%	450,000,000	Yes
797	catho.com.br	Jobs	8,000,000	0.4%	110,000,000	Yes
798	galeon.com	Web Hosting & Domain Registration	8,000,000	0.4%	28,000,000	Yes
799	cctv.com	TV & Video	7,600,000	0.4%	34,000,000	Yes
800	submarino.com.br	Shopping Portals & Search Engines	7,500,000	0.4%	99,000,000	Yes
801	pchome.com.tw	Web Portals	7,500,000	0.4%	380,000,000	Yes
802	123people.com	People Search	7,500,000	0.4%	24,000,000	Yes
803	priceminister.com	Shopping	7,500,000	0.4%	140,000,000	Yes
804	tf1.fr	TV Networks & Stations	7,500,000	0.4%	160,000,000	Yes
805	nordstrom.com	Mass Merchants & Department Stores	7,500,000	0.4%	210,000,000	No
806	wer-kennt-wen.de	Social Networks	7,500,000	0.4%	2,500,000,000	Yes
807	king.com	Online Games	7,500,000	0.4%	860,000,000	Yes
808	virginmedia.com	News	7,500,000	0.4%	310,000,000	Yes
809	utorrent.com	Multimedia Software	7,500,000	0.4%	46,000,000	No
810	bt.com	Service Providers	7,500,000	0.4%	160,000,000	Yes
811	aol.co.uk	Web Portals	7,500,000	0.4%	170,000,000	Yes
812	bb.com.br	Banking	7,500,000	0.4%	310,000,000	No
813	pole-emploi.fr	Welfare & Unemployment	7,500,000	0.4%	780,000,000	No
814	rayli.com.cn	Beauty & Fitness	7,500,000	0.4%	210,000,000	Yes
815	meteofrance.com	Weather	7,500,000	0.4%	110,000,000	Yes
816	stayfriends.de	Social Networks	7,500,000	0.4%	190,000,000	Yes
817	ekolay.net	Web Portals	7,500,000	0.4%	330,000,000	Yes
818	businessweek.com	Business & Industrial	7,500,000	0.4%	31,000,000	Yes
819	rutracker.org		7,500,000	0.4%	410,000,000	Yes
820	newgrounds.com	Casual Games	7,500,000	0.4%	97,000,000	Yes
821	privalia.com	Apparel	7,500,000	0.4%	110,000,000	Yes
822	netshoes.com.br	Footwear	7,500,000	0.4%	120,000,000	Yes
823	walgreens.com	Mass Merchants & Department Stores	7,500,000	0.4%	210,000,000	Yes
824	52pk.com	Online Games	7,500,000	0.4%	80,000,000	Yes
825	news.cn	Anime & Manga	7,500,000	0.4%	45,000,000	Yes
826	eonline.com	Arts & Entertainment	7,500,000	0.4%	120,000,000	Yes
827	gamezer.com	Massive Multiplayer	7,500,000	0.4%	110,000,000	Yes
828	groupalia.com	Travel	7,500,000	0.4%	34,000,000	No
829	grooveshark.com	Music Streams & Downloads	7,500,000	0.4%	210,000,000	Yes
830	usazm.net		7,500,000	0.4%	17,000,000	No
831	sciencedirect.com	Science	7,500,000	0.4%	66,000,000	Yes
832	torrentreactor.net	File Sharing & Hosting	7,500,000	0.4%	26,000,000	Yes
833	wer-weiss-was.de	Internet & Telecom	7,500,000	0.4%	18,000,000	Yes
834	fotolog.com	Photo & Video Sharing	7,500,000	0.4%	130,000,000	Yes
835	deezer.com	Music Streams & Downloads	7,500,000	0.4%	310,000,000	Yes
836	stackoverflow.com	Programming	7,500,000	0.4%	45,000,000	Yes
837	alice.it	News	7,400,000	0.4%	280,000,000	Yes
838	overture.com	Advertising & Marketing	7,400,000	0.4%	50,000,000	Yes
839	easyjet.com	Travel	7,400,000	0.4%	120,000,000	Yes
840	torrentdownloads.net	File Sharing & Hosting	7,400,000	0.4%	41,000,000	Yes
841	classmates.com	Alumni & Reunions	7,400,000	0.4%	79,000,000	Yes
842	weblio.jp	Dictionaries & Encyclopedias	7,400,000	0.4%	41,000,000	Yes
843	337.com	Flash-Based Entertainment	7,400,000	0.4%	37,000,000	No
844	wizard101.com	Massive Multiplayer	7,400,000	0.4%	49,000,000	Yes
845	sahibinden.com	Classifieds	7,400,000	0.4%	1,900,000,000	Yes
846	livestrong.com	Nutrition	7,400,000	0.4%	46,000,000	Yes
847	retailmenot.com	Coupons & Discount Offers	7,400,000	0.4%	31,000,000	Yes
848	logmein.com	Networking	7,400,000	0.4%	340,000,000	Yes
849	chefkoch.de	Cooking & Recipes	7,400,000	0.4%	140,000,000	Yes
850	usaa.com	Finance	7,400,000	0.4%	380,000,000	Yes
851	reverso.net	Translation Tools & Resources	7,400,000	0.4%	110,000,000	Yes
852	btjunkie.org	File Sharing & Hosting	7,400,000	0.4%	210,000,000	Yes
853	yahoo.com.tw	Web Portals	7,400,000	0.4%	450,000,000	Yes
854	my4399.com	Online Games	7,400,000	0.4%	38,000,000	No
855	staples.com	Office Supplies	7,400,000	0.4%	97,000,000	Yes
856	tvguide.com	TV Shows & Programs	7,400,000	0.4%	73,000,000	Yes
857	aibang.com	Web Services	7,400,000	0.4%	38,000,000	Yes
858	zhenai.com	Dating & Personals	7,400,000	0.4%	250,000,000	No
859	nikkansports.com	Sports News	7,400,000	0.4%	110,000,000	Yes
860	nasa.gov	Astronomy	7,400,000	0.4%	81,000,000	No
861	minijuegos.com	Casual Games	7,400,000	0.4%	160,000,000	Yes
862	2bj.cn		7,400,000	0.4%	37,000,000	No
863	nhaccuatui.com	Viet Nam	7,400,000	0.4%	300,000,000	Yes
864	xbox.com	Xbox	7,400,000	0.4%	130,000,000	Yes
865	thesaurus.com	Dictionaries & Encyclopedias	7,400,000	0.4%	67,000,000	Yes
866	recadopop.com	Social Network Apps & Add-Ons	7,400,000	0.4%	110,000,000	Yes
867	cbslocal.com	TV Networks & Stations	7,400,000	0.4%	74,000,000	Yes
868	gumtree.com	Classifieds	7,400,000	0.4%	370,000,000	Yes
869	zoosnet.net	Software	7,400,000	0.4%	45,000,000	No
870	xywy.com	Health	7,400,000	0.4%	38,000,000	Yes
871	shopzilla.com		7,400,000	0.4%	55,000,000	Yes
872	wix.com	TV Shows & Programs	7,400,000	0.4%	81,000,000	No
873	fanpop.com	TV Shows & Programs	7,400,000	0.4%	61,000,000	Yes
874	newhua.com	Software Utilities	7,400,000	0.4%	28,000,000	Yes
875	cnbc.com	Business News	7,400,000	0.4%	230,000,000	Yes
876	lloydstsb.co.uk	Banking	7,400,000	0.4%	450,000,000	No
877	browserchoice.eu	Internet Clients & Browsers	7,400,000	0.4%	18,000,000	No
878	oracle.com	Data Management	7,400,000	0.4%	110,000,000	Yes
879	nikkei.com	Business News	7,400,000	0.4%	190,000,000	Yes
880	wiley.com	Books & Literature	7,400,000	0.4%	67,000,000	Yes
881	groupon.fr	Shopping	7,400,000	0.4%	55,000,000	No
882	sonyericsson.com	Mobile Phones	7,300,000	0.4%	74,000,000	Yes
883	box10.com	Online Games	7,300,000	0.4%	88,000,000	Yes
884	news.de	News	7,300,000	0.4%	23,000,000	Yes
885	break.com	Humor	7,300,000	0.4%	110,000,000	Yes
886	meinestadt.de	Web Portals	7,300,000	0.4%	130,000,000	Yes
887	kbb.com	Motorcycles	7,300,000	0.4%	250,000,000	Yes
888	donga.com	Newspapers	7,300,000	0.4%	140,000,000	Yes
889	51seer.com	Robotics	6,900,000	0.4%	55,000,000	Yes
890	jrj.com.cn	Investing	6,900,000	0.4%	120,000,000	Yes
891	hinet.net	Web Portals	6,900,000	0.4%	230,000,000	Yes
892	clickon.com.br	Coupons & Discount Offers	6,900,000	0.4%	28,000,000	Yes
893	wordpress.org	Blogging Resources & Services	6,900,000	0.4%	74,000,000	No
894	interpark.com	Shopping	6,900,000	0.4%	210,000,000	No
895	state.gov	Government	6,800,000	0.4%	210,000,000	No
896	smarter.com	Price Comparisons	6,800,000	0.4%	29,000,000	Yes
897	dantri.com.vn	Native Americans	6,800,000	0.4%	370,000,000	Yes
898	canalblog.com		6,800,000	0.4%	73,000,000	Yes
899	utro.ru	Newspapers	6,800,000	0.4%	42,000,000	Yes
900	tbs.co.jp	TV Networks & Stations	6,800,000	0.4%	89,000,000	Yes
901	idealo.de	Price Comparisons	6,800,000	0.4%	61,000,000	Yes
902	ciao.de	Product Reviews & Price Comparisons	6,800,000	0.4%	26,000,000	Yes
903	htc.com	Mobile Phones	6,800,000	0.4%	80,000,000	Yes
904	rtve.es	TV Networks & Stations	6,800,000	0.4%	160,000,000	Yes
905	cox.net	ISPs	6,800,000	0.4%	550,000,000	Yes
906	vidivodo.com	Online Video	6,800,000	0.4%	54,000,000	Yes
907	plixi.com	Photo & Image Sharing	6,800,000	0.4%	67,000,000	Yes
908	popularscreensavers.com	Skins Themes & Wallpapers	6,800,000	0.4%	34,000,000	Yes
909	junnew.com	Advertising & Marketing	6,800,000	0.4%	13,000,000	No
910	hankooki.com	Business & Industrial	6,800,000	0.4%	130,000,000	Yes
911	chacha.com	Arts & Entertainment	6,800,000	0.4%	28,000,000	Yes
912	correios.com.br	Mail & Package Delivery	6,800,000	0.4%	89,000,000	Yes
913	cbs55.com		6,800,000	0.4%	15,000,000	No
914	shinobi.jp	Web Stats & Analytics	6,800,000	0.4%	54,000,000	Yes
915	hotpepper.jp	Dining Guides	6,800,000	0.4%	120,000,000	Yes
916	bedbathandbeyond.com	Bed & Bath	6,800,000	0.4%	150,000,000	No
917	cylex.de	Business & Personal Listings	6,800,000	0.4%	19,000,000	Yes
918	kongzhong.com	Computer & Video Games	6,800,000	0.4%	31,000,000	No
919	ruammid.com	Video Sharing	6,800,000	0.4%	45,000,000	Yes
920	xuite.net	Blogging Resources & Services	6,800,000	0.4%	97,000,000	Yes
921	wisegeek.com	How-To&sbquo; DIY & Expert Content	6,800,000	0.4%	19,000,000	Yes
922	terra.es	Web Portals	6,800,000	0.4%	130,000,000	Yes
923	csdn.net	Computers & Electronics	6,800,000	0.4%	55,000,000	Yes
924	trialpay.com	Merchant Services & Payment Systems	6,800,000	0.4%	31,000,000	Yes
925	skysports.com	Sports News	6,800,000	0.4%	130,000,000	Yes
926	yupis.org	Casual Games	6,800,000	0.4%	67,000,000	Yes
927	hsbccreditcard.com	Credit Cards	6,800,000	0.4%	120,000,000	Yes
928	bandoo.com	Online Goodies	6,800,000	0.4%	12,000,000	No
929	newegg.com	Computer Components	6,800,000	0.4%	130,000,000	Yes
930	vector.co.jp	Internet Clients & Browsers	6,800,000	0.4%	61,000,000	Yes
931	dihitt.com.br	News	6,800,000	0.4%	21,000,000	Yes
932	uniblue.com	Software	6,800,000	0.4%	16,000,000	No
933	playsushi.com	Casual Games	6,800,000	0.4%	26,000,000	Yes
934	meituan.com	Coupons & Discount Offers	6,800,000	0.4%	66,000,000	Yes
935	mashable.com	Technology News	6,800,000	0.4%	31,000,000	Yes
936	sbs.co.kr	TV Soap Operas	6,800,000	0.4%	120,000,000	Yes
937	officialiqquiz.com	Fun Tests & Silly Surveys	6,800,000	0.4%	42,000,000	No
938	natwest.com	Banking	6,800,000	0.4%	110,000,000	Yes
939	nbc.com	TV Networks & Stations	6,800,000	0.4%	74,000,000	Yes
940	didigames.com	Dress-Up & Fashion Games	6,800,000	0.4%	230,000,000	Yes
941	news72.com	Web Portals	6,800,000	0.4%	23,000,000	Yes
942	zwinky.com	Dress-Up & Fashion Games	6,800,000	0.4%	34,000,000	Yes
943	allocine.fr	Movie Listings & Theater Showtimes	6,800,000	0.4%	96,000,000	Yes
944	shutterfly.com	Photo & Video Services	6,800,000	0.4%	330,000,000	Yes
945	friend.ly		6,800,000	0.4%	46,000,000	No
946	990buy.com		6,800,000	0.4%	23,000,000	No
947	freebookofra.com		6,700,000	0.4%	19,000,000	No
948	aipai.com	Online Games	6,700,000	0.4%	98,000,000	Yes
949	freakshare.com	File Sharing & Hosting	6,700,000	0.4%	50,000,000	No
950	iwon.com		6,700,000	0.4%	50,000,000	Yes
951	daily.co.jp	Newspapers	6,700,000	0.4%	38,000,000	Yes
952	letsbonus.com		6,700,000	0.4%	31,000,000	Yes
953	justanswer.com	General Reference	6,700,000	0.4%	34,000,000	Yes
954	mappy.com	Maps	6,700,000	0.4%	81,000,000	Yes
955	tvsquad.com	TV & Video	6,700,000	0.4%	26,000,000	Yes
956	lloydstsb.com	Finance	6,700,000	0.4%	67,000,000	Yes
957	informer.com	Web Design & Development	6,700,000	0.4%	26,000,000	Yes
958	heroturko.org	File Sharing & Hosting	6,700,000	0.4%	38,000,000	Yes
959	seznam.cz	Web Portals	6,700,000	0.4%	2,300,000,000	Yes
960	uefa.com	Soccer	6,700,000	0.4%	72,000,000	Yes
961	msn.com.cn	Travel	6,700,000	0.4%	90,000,000	Yes
962	edmunds.com	Vehicle Shopping	6,700,000	0.4%	73,000,000	Yes
963	terra.com	Latinos & Latin-Americans	6,700,000	0.4%	55,000,000	Yes
964	us.com	Search Engines	6,700,000	0.4%	35,000,000	Yes
965	lyricsmode.com	Song Lyrics & Tabs	6,700,000	0.4%	21,000,000	Yes
966	kooora.com	Sports News	6,700,000	0.4%	410,000,000	Yes
967	as.com	Sports News	6,700,000	0.4%	190,000,000	Yes
968	kmart.com	Mass Merchants & Department Stores	6,700,000	0.4%	120,000,000	Yes
969	mobifiesta.com	Mobile Apps & Add-Ons	6,700,000	0.4%	34,000,000	Yes
970	radikal.ru	Photo & Video Software	6,700,000	0.4%	55,000,000	Yes
971	gamesgames.com	Flash-Based Entertainment	6,700,000	0.4%	110,000,000	Yes
972	blinkogold.com.br	Online Games	6,700,000	0.4%	18,000,000	No
973	itv.com	TV Networks & Stations	6,700,000	0.4%	89,000,000	Yes
974	suite101.com	Business & Industrial	6,700,000	0.4%	20,000,000	Yes
975	cdiscount.com	Consumer Electronics	6,700,000	0.4%	190,000,000	Yes
976	battle.net	Online Games	6,700,000	0.4%	230,000,000	Yes
977	vente-privee.com	Apparel	6,700,000	0.4%	660,000,000	No
978	sing365.com	Song Lyrics & Tabs	6,700,000	0.4%	19,000,000	Yes
979	2478.com		6,700,000	0.4%	11,000,000	No
980	otomoto.pl	Vehicle Shopping	6,700,000	0.4%	540,000,000	Yes
981	avira.com	Antivirus & Malware	6,700,000	0.4%	21,000,000	No
982	azlyrics.com	Song Lyrics & Tabs	6,700,000	0.4%	31,000,000	Yes
983	47news.jp	News	6,700,000	0.4%	28,000,000	Yes
984	quebarato.com.br	Classifieds	6,700,000	0.4%	21,000,000	Yes
985	irctc.co.in	Bus & Rail	6,700,000	0.4%	250,000,000	No
986	cafemom.com	Pregnancy & Maternity	6,600,000	0.4%	66,000,000	Yes
987	mercadolibre.com	Auctions	6,600,000	0.4%	82,000,000	Yes
988	yihaodian.com	Freight & Trucking	6,600,000	0.4%	41,000,000	No
989	qqtn.com	Email & Messaging	6,600,000	0.4%	66,000,000	Yes
990	alisoft.com	E-Commerce Services	6,600,000	0.4%	42,000,000	Yes
991	popcap.com	Casual Games	6,600,000	0.4%	42,000,000	Yes
992	aeriagames.com	Online Games	6,600,000	0.4%	46,000,000	Yes
993	ntv.co.jp	TV Networks & Stations	6,600,000	0.4%	45,000,000	Yes
994	baofeng.com	Media Players	6,200,000	0.3%	26,000,000	No
995	mozilla-europe.org	Internet Clients & Browsers	6,200,000	0.3%	14,000,000	Yes
996	bancobrasil.com.br	Banking	6,200,000	0.3%	460,000,000	No
997	prixmoinscher.com	Price Comparisons	6,200,000	0.3%	67,000,000	No
998	disneylatino.com		6,200,000	0.3%	230,000,000	Yes
999	imagevenue.com	Photo & Image Sharing	6,200,000	0.3%	67,000,000	Yes
1000	warnerbros.com	Film & TV Industry	6,200,000	0.3%	50,000,000	Yes
